Date,Open Price,High Price,Low Price,Close Price,WAP,No.of Shares,No. of Trades,Total Turnover (Rs.),Deliverable Quantity,% Deli. Qty to Traded Qty,Spread High-Low,Spread Close-Open
30-December-2022,3812.10,3899.30,3812.10,3859.35,3857.570892204327635609,40484,3909,156169900.00,5856,14.46,87.20,47.25
29-December-2022,3794.00,3825.00,3750.00,3810.00,3788.103038108947647549,39597,3769,149997516.00,5201,13.13,75.00,16.00
28-December-2022,3761.90,3824.95,3746.20,3796.95,3782.994103478177088351,51895,5227,196318479.00,9240,17.81,78.75,35.05
27-December-2022,3738.00,3796.80,3697.90,3769.65,3743.180039847853649701,49689,4966,185994873.00,6851,13.79,98.90,31.65
26-December-2022,3647.00,3745.00,3620.50,3715.65,3709.826030711333624542,59522,5630,220816265.00,10099,16.97,124.50,68.65
23-December-2022,3813.00,3846.70,3617.00,3640.95,3727.332388337860888243,126632,11037,471999555.00,17088,13.49,229.70,-172.05
22-December-2022,3918.30,3944.90,3818.10,3867.10,3873.697628045781882608,148443,15689,575023297.00,32743,22.06,126.80,-51.20
21-December-2022,4172.00,4189.55,3883.45,3902.95,4001.702662396785030297,127404,10729,509832926.00,23535,18.47,306.10,-269.05
20-December-2022,4099.00,4172.90,4066.00,4164.25,4123.919378359235031873,120005,11205,494890945.00,30029,25.02,106.90,65.25
19-December-2022,3994.00,4104.55,3973.00,4081.30,4029.165175545614748542,29508,2748,118892606.00,7840,26.57,131.55,87.30
16-December-2022,4001.05,4047.00,3946.00,3979.10,3992.242755757524755252,35649,3314,142319462.00,8547,23.98,101.00,-21.95
15-December-2022,4048.10,4070.20,4026.05,4043.05,4053.817534284591013158,43241,4117,175291124.00,19118,44.21,44.15,-5.05
14-December-2022,4089.95,4091.40,4043.90,4056.40,4067.864461325449986902,26723,2184,108705542.00,5247,19.63,47.50,-33.55
13-December-2022,4038.00,4072.85,4011.60,4058.85,4049.756414113197816837,23269,2087,94233782.00,5338,22.94,61.25,20.85
12-December-2022,4000.00,4030.90,3970.00,4016.60,4008.125407053280676228,28866,2515,115698548.00,4103,14.21,60.90,16.60
9-December-2022,4045.00,4093.00,3944.50,3995.80,4024.277946105915867247,99343,8438,399783844.00,21628,21.77,148.50,-49.20
8-December-2022,4002.00,4046.05,4002.00,4025.55,4026.032434168272318561,28026,2534,112833585.00,6381,22.77,44.05,23.55
7-December-2022,4026.00,4056.55,3985.30,3998.30,4019.032006967503129933,36742,3535,147667274.00,6735,18.33,71.25,-27.70
6-December-2022,3915.00,4057.35,3912.45,4031.00,4016.058696665257773298,92271,6941,370565752.00,15851,17.18,144.90,116.00
5-December-2022,3925.00,3937.00,3810.25,3929.55,3874.439757140234467203,76258,6125,295457027.00,8576,11.25,126.75,4.55
2-December-2022,3901.00,3961.00,3885.80,3921.45,3924.598645424881406125,36469,3004,143126188.00,5713,15.67,75.20,20.45
1-December-2022,3938.00,3944.55,3902.45,3914.90,3922.309797220323536113,43890,3826,172150177.00,13951,31.79,42.10,-23.10
30-November-2022,3908.95,3939.65,3866.75,3920.05,3897.236182994454713493,108200,5157,421680955.00,71374,65.96,72.90,11.10
29-November-2022,3880.00,3916.20,3864.75,3879.20,3889.217963537014658750,38066,3228,148046971.00,6640,17.44,51.45,-0.80
28-November-2022,3892.00,3925.00,3871.30,3885.25,3900.530027364839878707,54084,4486,210956266.00,16699,30.88,53.70,-6.75
25-November-2022,3925.05,3950.95,3847.25,3903.35,3895.591556163406077183,84085,7586,327560816.00,13651,16.23,103.70,-21.70
24-November-2022,3912.20,3935.00,3822.00,3922.00,3882.713841936957514846,109450,9763,424963030.00,23850,21.79,113.00,9.80
23-November-2022,4048.10,4060.00,3873.05,3903.65,3949.525630680693634578,131366,10350,518833384.00,31613,24.06,186.95,-144.45
22-November-2022,4014.00,4056.00,3987.30,4035.60,4032.262101421436803688,41648,3543,167935652.00,8437,20.26,68.70,21.60
21-November-2022,4017.00,4017.00,3920.80,4001.10,3977.340551027113287544,63917,6360,254219676.00,16838,26.34,96.20,-15.90
18-November-2022,4060.00,4060.00,3985.40,4019.85,4015.027915463805218149,36718,3047,147423795.00,5735,15.62,74.60,-40.15
17-November-2022,3980.00,4032.00,3900.15,4017.65,3979.748968750000000000,64000,5358,254703934.00,8601,13.44,131.85,37.65
16-November-2022,4069.00,4098.10,3864.85,3956.45,3993.459809367873223788,85505,7510,341460781.00,12112,14.17,233.25,-112.55
15-November-2022,4022.00,4065.00,4022.00,4057.55,4036.423577371048252911,60100,2839,242589057.00,6383,10.62,43.00,35.55
14-November-2022,3997.05,4077.70,3995.00,4021.05,4031.291224653055545894,57502,4046,231807308.00,8710,15.15,82.70,24.00
11-November-2022,4049.00,4049.00,3975.05,4008.70,4013.029160522703005033,78668,6442,315696978.00,23326,29.65,73.95,-40.30
10-November-2022,3997.15,4028.00,3962.75,3992.90,3997.521045072156487244,73105,4537,292238776.00,9961,13.63,65.25,-4.25
9-November-2022,3970.05,4047.25,3943.35,3997.15,4007.051774804342337793,198050,15433,793596604.00,38374,19.38,103.90,27.10
7-November-2022,3840.15,4015.00,3820.60,3961.15,3945.134346283951630671,231469,15478,913176302.00,22771,9.84,194.40,121.00
4-November-2022,3630.00,3850.00,3566.20,3832.35,3738.955539554811737194,308319,21686,1152791033.00,86898,28.18,283.80,202.35
3-November-2022,3541.00,3613.10,3541.00,3591.10,3587.995093700696502097,51974,3537,186482457.00,6147,11.83,72.10,50.10
2-November-2022,3575.60,3625.00,3526.00,3578.00,3576.768298142658358037,82645,6495,295602016.00,13034,15.77,99.00,2.40
1-November-2022,3351.10,3605.00,3351.10,3575.60,3519.473426470691114640,142943,11274,503084090.00,18268,12.78,253.90,224.50
31-October-2022,3335.00,3360.00,3327.10,3346.35,3344.339920278178271563,35373,2975,118299336.00,12351,34.92,32.90,11.35
28-October-2022,3333.45,3386.00,3299.95,3325.65,3327.614754886474458470,218409,3180,726781011.00,176983,81.03,86.05,-7.80
27-October-2022,3310.50,3353.00,3297.85,3324.90,3322.446207216063821372,88497,2908,294026522.00,46498,52.54,55.15,14.40
25-October-2022,3315.00,3346.00,3294.70,3300.00,3314.076111133578679176,24727,2031,81947160.00,2570,10.39,51.30,-15.00
24-October-2022,3339.00,3339.00,3291.55,3309.60,3319.105058365758754863,5654,729,18766220.00,1532,27.10,47.45,-29.40
21-October-2022,3379.40,3380.25,3286.55,3310.95,3338.928093342981186685,66336,4752,221491134.00,10902,16.43,93.70,-68.45
20-October-2022,3256.00,3365.70,3246.00,3357.30,3319.721329822251481237,91140,3529,302559402.00,44225,48.52,119.70,101.30
19-October-2022,3313.95,3313.95,3258.05,3277.00,3291.000319100844730847,112817,5427,371280783.00,63852,56.60,55.90,-36.95
18-October-2022,3269.95,3297.00,3224.95,3285.00,3266.442437844092997159,57034,3404,186298278.00,9620,16.87,72.05,15.05
17-October-2022,3209.50,3234.95,3138.00,3212.10,3207.953179118096160291,429616,3986,1378188013.00,375384,87.38,96.95,2.60
14-October-2022,3261.05,3304.50,3194.10,3208.00,3244.326697498423376077,47570,3152,154332621.00,5937,12.48,110.40,-53.05
13-October-2022,3219.75,3262.00,3189.00,3233.60,3226.182950690006868846,96086,6558,309991015.00,12551,13.06,73.00,13.85
12-October-2022,3310.00,3310.00,3141.10,3224.25,3206.592511236182532291,98788,6586,316772861.00,9609,9.73,168.90,-85.75
11-October-2022,3253.15,3338.00,3250.55,3273.35,3296.024367519529850211,97671,7161,321925996.00,20957,21.46,87.45,20.20
10-October-2022,3235.00,3277.90,3216.00,3247.40,3247.593885501727818986,45433,3619,147547933.00,5317,11.70,61.90,12.40
7-October-2022,3285.00,3308.85,3227.55,3277.50,3271.654873179363854984,88156,6140,288416007.00,18580,21.08,81.30,-7.50
6-October-2022,3261.00,3317.50,3207.35,3285.90,3273.315866075813064648,169021,9260,553259121.00,66056,39.08,110.15,24.90
4-October-2022,3234.00,3290.00,3125.95,3238.40,3225.594948319046107171,170082,11329,548615640.00,16478,9.69,164.05,4.40
3-October-2022,3454.00,3459.05,3105.90,3157.15,3255.988946674890658293,285344,17582,929076910.00,43319,15.18,353.15,-296.85
30-September-2022,3451.00,3524.00,3370.45,3451.00,3460.024245736576108009,333007,14853,1152212294.00,165739,49.77,153.55,0.00
29-September-2022,3577.00,3662.25,3426.30,3472.00,3537.753239266042869467,241104,15949,852966457.00,98787,40.97,235.95,-105.00
28-September-2022,3530.00,3595.00,3505.05,3549.10,3551.794845062264697364,69060,5288,245286952.00,17100,24.76,89.95,19.10
27-September-2022,3600.00,3630.00,3484.25,3557.70,3555.888762331192762645,152763,12195,543208235.00,25258,16.53,145.75,-42.30
26-September-2022,3647.00,3657.80,3532.80,3589.75,3599.371313878403494989,104378,7901,375695179.00,14323,13.72,125.00,-57.25
23-September-2022,3727.00,3740.00,3653.50,3673.90,3694.214189926153736120,111854,10062,413212634.00,26955,24.10,86.50,-53.10
22-September-2022,3641.45,3736.30,3570.00,3716.70,3685.360262576368126868,200018,14252,737138389.00,58690,29.34,166.30,75.25
21-September-2022,3831.00,3862.20,3572.65,3641.45,3682.607373216725111608,284028,25482,1045963607.00,58366,20.55,289.55,-189.55
20-September-2022,3822.00,3883.70,3808.90,3835.80,3844.389319951956731584,135711,11214,521725919.00,32161,23.70,74.80,13.80
19-September-2022,3748.00,3800.00,3679.70,3778.90,3718.731321792351019322,338215,6992,1257730714.00,258007,76.28,120.30,30.90
16-September-2022,3764.80,3865.60,3614.70,3701.90,3737.544369082944750600,297234,22812,1110925263.00,50376,16.95,250.90,-62.90
15-September-2022,3609.00,3765.95,3580.00,3749.15,3689.538726771484638791,125869,9276,464398550.00,18114,14.39,185.95,140.15
14-September-2022,3500.00,3611.00,3500.00,3571.65,3571.887438853948287910,114480,8260,408909674.00,24564,21.46,111.00,71.65
13-September-2022,3485.00,3567.65,3422.00,3556.15,3499.704063879063014898,86789,5891,303735816.00,16559,19.08,145.65,71.15
12-September-2022,3460.00,3495.00,3456.20,3461.35,3472.521410299188076965,44955,2854,156107200.00,9974,22.19,38.80,1.35
9-September-2022,3470.00,3506.10,3416.00,3450.65,3468.646392489029492805,58794,4935,203935596.00,19485,33.14,90.10,-19.35
8-September-2022,3499.00,3503.80,3450.00,3461.95,3470.829755103526072559,109924,7633,381527490.00,50270,45.73,53.80,-37.05
7-September-2022,3443.40,3488.00,3415.05,3473.85,3457.213125496946238062,114449,9293,395674585.00,24746,21.62,72.95,30.45
6-September-2022,3360.20,3447.00,3360.20,3435.85,3411.344969924812030075,133000,11219,453708881.00,37812,28.43,86.80,75.65
5-September-2022,3370.05,3432.00,3312.80,3347.05,3372.374618689409547538,187839,13975,633463476.00,45680,24.32,119.20,-23.00
2-September-2022,3263.00,3369.45,3226.80,3356.95,3310.918017786524107070,159559,10017,528286768.00,19656,12.32,142.65,93.95
1-September-2022,3215.00,3244.75,3186.00,3232.75,3216.809316691880988401,79320,4665,255157315.00,7289,9.19,58.75,17.75
30-August-2022,3178.00,3262.55,3163.40,3193.60,3215.312202785326086956,164864,10719,530089231.00,45634,27.68,99.15,15.60
29-August-2022,3059.00,3165.00,3041.25,3142.70,3117.511399375879581472,81715,5080,254747444.00,16875,20.65,123.75,83.70
26-August-2022,3078.00,3172.00,3078.00,3139.45,3134.194800055278465268,159194,9877,498945007.00,45692,28.70,94.00,61.45
25-August-2022,3164.00,3177.45,3055.75,3066.80,3106.751622282790144290,164737,11804,511796942.00,26999,16.39,121.70,-97.20
24-August-2022,3039.85,3151.65,2987.00,3136.60,3059.259800922693805284,138941,8454,425056616.00,14945,10.76,164.65,96.75
23-August-2022,3033.15,3075.00,2929.05,3023.65,3016.704469911862467001,447369,16157,1349580062.00,250674,56.03,145.95,-9.50
22-August-2022,3130.00,3192.25,3029.75,3052.00,3120.650899095178101019,148427,10972,463188851.00,16615,11.19,162.50,-78.00
19-August-2022,3177.00,3258.05,3075.10,3129.05,3174.446932533227919877,308626,23889,979716859.00,43195,14.00,182.95,-47.95
18-August-2022,3014.00,3186.65,3002.45,3153.65,3107.982741255095269693,168784,12545,524577759.00,33613,19.91,184.20,139.65
17-August-2022,2980.20,3028.60,2980.05,3008.90,3006.597421381048803669,48398,4067,145513302.00,11370,23.49,48.55,28.70
16-August-2022,2882.00,2985.00,2872.50,2974.85,2939.120356533816212795,56881,5630,167180105.00,13002,22.86,112.50,92.85
12-August-2022,2845.95,2870.45,2834.60,2864.35,2857.800657894736842105,24320,2366,69501712.00,5359,22.04,35.85,18.40
11-August-2022,2850.00,2850.00,2816.35,2833.25,2834.323922575125655010,37404,2597,106015052.00,11437,30.58,33.65,-16.75
10-August-2022,2800.00,2835.00,2780.70,2826.85,2809.773803203661327231,54625,4948,153483894.00,18093,33.12,54.30,26.85
8-August-2022,2698.00,2807.75,2697.00,2792.35,2752.659786310343931161,38467,3031,105886564.00,7679,19.96,110.75,94.35
5-August-2022,2764.00,2768.45,2685.10,2697.60,2713.188568366526748236,55985,5025,151897862.00,13570,24.24,83.35,-66.40
4-August-2022,2718.00,2743.80,2683.45,2723.20,2719.503490681778349009,68468,6638,186198965.00,16829,24.58,60.35,5.20
3-August-2022,2689.00,2717.95,2672.00,2711.55,2691.877742414597920645,23565,2269,63434099.00,6566,27.86,45.95,22.55
2-August-2022,2661.00,2696.00,2641.05,2682.90,2674.134816388128109105,35782,3434,95685892.00,8300,23.20,54.95,21.90
1-August-2022,2580.00,2668.55,2569.30,2658.90,2575.529447613475695968,369198,4987,950880321.00,339928,92.07,99.25,78.90
29-July-2022,2565.00,2622.00,2560.45,2569.40,2589.564903368304803975,45275,4392,117242551.00,13501,29.82,61.55,4.40
28-July-2022,2559.00,2564.40,2532.00,2550.80,2550.636923377638780297,20464,1875,52196234.00,4345,21.23,32.40,-8.20
27-July-2022,2560.55,2572.00,2526.95,2547.70,2551.533495960549784912,38124,3223,97274663.00,9782,25.66,45.05,-12.85
26-July-2022,2559.00,2567.80,2534.00,2560.55,2550.708547008547008547,32760,2478,83561212.00,5858,17.88,33.80,1.55
25-July-2022,2500.00,2561.35,2500.00,2549.85,2534.496100224237106366,41028,3237,103985306.00,9292,22.65,61.35,49.85
22-July-2022,2509.95,2515.00,2483.20,2499.00,2500.731144036195495450,40226,3816,100594411.00,10444,25.96,31.80,-10.95
21-July-2022,2455.90,2499.00,2452.85,2495.95,2485.477602951140555597,39849,3522,99043797.00,12129,30.44,46.15,40.05
20-July-2022,2474.00,2474.00,2443.50,2451.10,2455.794979881203295650,26095,2223,64083970.00,7922,30.36,30.50,-22.90
19-July-2022,2413.50,2459.00,2405.00,2450.55,2436.842231013277975794,51062,4079,124430038.00,18157,35.56,54.00,37.05
18-July-2022,2426.00,2440.50,2407.00,2424.00,2406.730598043868344420,356111,2293,857063240.00,332255,93.30,33.50,-2.00
15-July-2022,2413.95,2422.75,2377.10,2404.70,2400.626314866760168302,68448,5290,164318070.00,21788,31.83,45.65,-9.25
14-July-2022,2369.00,2403.95,2338.00,2385.95,2363.189152419391410820,22051,2063,52110684.00,4529,20.54,65.95,16.95
13-July-2022,2375.80,2384.65,2334.00,2352.45,2356.626557377049180327,39650,4130,93440243.00,12906,32.55,50.65,-23.35
12-July-2022,2331.90,2389.00,2331.90,2365.85,2371.865434680551406256,46862,3508,111150358.00,8065,17.21,57.10,33.95
11-July-2022,2304.90,2384.95,2294.45,2371.55,2344.671183035943056850,97571,7323,228771912.00,24716,25.33,90.50,66.65
8-July-2022,2279.95,2301.00,2263.50,2293.05,2281.921326484443616426,37573,3120,85738630.00,12471,33.19,37.50,13.10
7-July-2022,2280.00,2294.80,2256.10,2275.25,2275.570680954457666189,32102,2258,73050370.00,8233,25.65,38.70,-4.75
6-July-2022,2249.00,2276.60,2240.75,2271.45,2262.895446026037181500,19741,1655,44671819.00,3640,18.44,35.85,22.45
5-July-2022,2260.90,2290.30,2237.60,2245.40,2264.011101302140807768,45310,2946,102582343.00,14671,32.38,52.70,-15.50
4-July-2022,2234.00,2276.00,2231.05,2260.60,2257.706737818802432633,41601,3168,93922858.00,7828,18.82,44.95,26.60
1-July-2022,2190.00,2240.00,2140.50,2231.60,2189.082958699214318726,47602,4092,104204727.00,7558,15.88,99.50,41.60
30-June-2022,2220.00,2248.55,2180.95,2189.85,2214.150287511770952295,49911,3802,110510455.00,10321,20.68,67.60,-30.15
29-June-2022,2185.00,2247.95,2177.05,2220.80,2212.447329625410440260,59692,3941,132065406.00,14624,24.50,70.90,35.80
28-June-2022,2162.10,2210.75,2160.20,2205.00,2181.256254182733675387,31379,2208,68445640.00,4089,13.03,50.55,42.90
27-June-2022,2190.00,2210.45,2168.85,2181.40,2188.648926689398636081,51616,3771,112969303.00,11623,22.52,41.60,-8.60
24-June-2022,2111.20,2168.05,2109.10,2161.50,2133.605968769262379289,38936,2403,83074082.00,3528,9.06,58.95,50.30
23-June-2022,2109.00,2127.55,2080.00,2109.45,2108.266003216307094672,95762,3428,201891769.00,52850,55.19,47.55,0.45
22-June-2022,2155.00,2155.00,2078.05,2089.20,2099.523326549934161125,91891,4111,192927298.00,37138,40.42,76.95,-65.80
21-June-2022,2092.30,2176.85,2092.05,2160.90,2135.639903865737911931,49098,4833,104855648.00,12167,24.78,84.80,68.60
20-June-2022,2098.30,2121.30,2025.00,2083.20,2060.281104296090045837,76139,6215,156867743.00,15380,20.20,96.30,-15.10
17-June-2022,2068.00,2135.00,2060.10,2096.05,2097.916511205044040900,84694,6033,177680941.00,11603,13.70,74.90,28.05
16-June-2022,2200.00,2220.00,2076.75,2082.85,2135.580441176470588235,68000,5377,145219470.00,7513,11.05,143.25,-117.15
15-June-2022,2222.00,2222.00,2175.30,2184.30,2192.428420020248038471,63216,4508,138596555.00,13356,21.13,46.70,-37.70
14-June-2022,2100.00,2220.00,2053.00,2196.50,2160.810236038097377120,284954,17224,615731520.00,41769,14.66,167.00,96.50
13-June-2022,2175.00,2175.00,2070.70,2081.45,2124.368407325297613502,53677,4238,114029723.00,8119,15.13,104.30,-93.55
10-June-2022,2198.00,2214.00,2171.00,2201.15,2194.834285297176955783,54799,3087,120274724.00,23302,42.52,43.00,3.15
9-June-2022,2167.00,2223.80,2160.50,2218.20,2187.877962865420068475,30376,2347,66458981.00,3539,11.65,63.30,51.20
8-June-2022,2248.00,2248.00,2159.45,2176.45,2206.623157137720244516,38934,2847,85912666.00,6987,17.95,88.55,-71.55
7-June-2022,2228.00,2254.40,2208.00,2226.55,2230.032706099760937477,68183,3374,152050320.00,7178,10.53,46.40,-1.45
6-June-2022,2198.00,2230.00,2168.85,2224.10,2206.178478812992915385,37405,2773,82522106.00,5826,15.58,61.15,26.10
3-June-2022,2237.90,2241.90,2175.65,2189.25,2206.808510374421748459,80631,4946,177937177.00,17127,21.24,66.25,-48.65
2-June-2022,2148.00,2216.10,2143.00,2209.85,2189.754915260058038703,58237,3049,127524757.00,6378,10.95,73.10,61.85
1-June-2022,2169.00,2189.10,2126.00,2150.80,2160.457462795094284744,82516,5058,178272308.00,14289,17.32,63.10,-18.20
31-May-2022,2167.00,2225.95,2150.60,2167.75,2200.560970417675989136,136230,6348,299782421.00,17286,12.69,75.35,0.75
30-May-2022,2110.00,2174.30,2106.95,2165.65,2149.792315914977593224,48646,2789,104578797.00,6634,13.64,67.35,55.65
27-May-2022,2090.00,2091.40,2047.95,2080.10,2070.059312338170650930,66428,4050,137509900.00,10356,15.59,43.45,-9.90
26-May-2022,2070.00,2087.90,1906.05,2047.70,1992.386608542319749216,163328,12372,325412520.00,31423,19.24,181.85,-22.30
25-May-2022,2172.00,2178.00,2067.40,2075.10,2119.514916258135760536,59767,4025,126677048.00,14143,23.66,110.60,-96.90
24-May-2022,2170.00,2178.00,2143.50,2160.40,2162.402529761904761904,26880,1772,58125380.00,3240,12.05,34.50,-9.60
23-May-2022,2227.00,2245.35,2158.00,2168.95,2197.839926688722178214,64383,4599,141503528.00,17552,27.26,87.35,-58.05
20-May-2022,2159.00,2232.55,2150.20,2223.30,2194.044524403434802763,45301,2535,99392411.00,9518,21.01,82.35,64.30
19-May-2022,2150.00,2154.00,2075.00,2114.00,2122.727955900551243109,44445,2758,94344644.00,9633,21.67,79.00,-36.00
18-May-2022,2204.90,2216.55,2173.00,2179.40,2193.036399594652021836,61182,3131,134174353.00,18199,29.75,43.55,-25.50
17-May-2022,2135.00,2192.00,2120.00,2184.50,2148.289147665696253639,47059,3139,101096339.00,11637,24.73,72.00,49.50
16-May-2022,2099.00,2150.00,2058.10,2107.05,2106.212562431951333321,115726,5620,243743555.00,13516,11.68,91.90,8.05
13-May-2022,2084.75,2133.45,2035.85,2055.05,2095.578099049366507964,63221,3778,132484543.00,5390,8.53,97.60,-29.70
12-May-2022,2102.20,2112.00,2012.10,2042.60,2061.273246140561487752,94962,5530,195742630.00,21336,22.47,99.90,-59.60
11-May-2022,2102.00,2157.05,2076.80,2119.65,2118.064569620899025460,78396,4590,166047790.00,21122,26.94,80.25,17.65
10-May-2022,2190.00,2220.05,2097.00,2110.45,2158.083814080015008676,85284,5151,184050020.00,25952,30.43,123.05,-79.55
9-May-2022,2238.00,2243.55,2180.55,2197.95,2214.313306960489272886,82408,2929,182477131.00,13056,15.84,63.00,-40.05
6-May-2022,2210.00,2262.60,2199.05,2246.55,2228.327783030430367335,57114,4649,127268713.00,22018,38.55,63.55,36.55
5-May-2022,2280.00,2303.90,2236.10,2256.75,2263.109868235759794779,262742,4872,594614013.00,50863,19.36,67.80,-23.25
4-May-2022,2354.45,2363.95,2233.65,2248.05,2317.875090201459784936,422665,4670,979684675.00,364159,86.16,130.30,-106.40
2-May-2022,2313.35,2361.40,2310.45,2339.30,2330.248629093283852843,96469,4793,224796755.00,20894,21.66,50.95,25.95
29-April-2022,2389.00,2394.00,2301.90,2333.10,2341.892909117994201702,174534,8152,408739937.00,79239,45.40,92.10,-55.90
28-April-2022,2352.00,2389.75,2336.65,2378.90,2367.460897796461312255,101337,6405,239911385.00,31900,31.48,53.10,26.90
27-April-2022,2405.00,2420.00,2326.00,2334.60,2367.280740745190141817,166481,9411,394107265.00,42399,25.47,94.00,-70.40
26-April-2022,2303.90,2419.70,2294.85,2397.00,2358.488164605934277638,253308,10580,597423920.00,49641,19.60,124.85,93.10
25-April-2022,2260.00,2298.45,2241.55,2287.20,2267.050799751827247552,198249,5001,449440554.00,26444,13.34,56.90,27.20
22-April-2022,2300.00,2305.65,2265.00,2274.10,2286.492161301140174379,143136,5477,327279342.00,33868,23.66,40.65,-25.90
21-April-2022,2203.20,2292.90,2203.20,2286.55,2261.285723445454662033,77981,4050,176337322.00,16265,20.86,89.70,83.35
20-April-2022,2188.00,2207.00,2162.15,2183.95,2186.409320355857991466,71714,4526,156796158.00,19946,27.81,44.85,-4.05
19-April-2022,2249.70,2255.00,2141.35,2170.65,2224.941072678044476894,98613,4547,219408114.00,32001,32.45,113.65,-79.05
18-April-2022,2185.90,2239.90,2157.00,2232.95,2205.414770482736825472,50628,3550,111655739.00,9435,18.64,82.90,47.05
13-April-2022,2213.00,2216.15,2174.25,2198.80,2199.963509204232497463,82788,4988,182130579.00,31533,38.09,41.90,-14.20
12-April-2022,2192.00,2219.05,2156.00,2198.25,2191.994564999799815830,99908,5874,218997793.00,14685,14.70,63.05,6.25
11-April-2022,2294.00,2294.00,2159.80,2178.65,2179.090369042532125772,95951,5558,209085900.00,28383,29.58,134.20,-115.35
8-April-2022,2109.60,2175.95,2105.90,2170.70,2143.804989489038568793,93236,5075,199879802.00,10453,11.21,70.05,61.10
7-April-2022,2169.00,2215.00,2081.80,2098.60,2143.436421482030044392,241709,13920,518087874.00,49521,20.49,133.20,-70.40
6-April-2022,2157.00,2182.75,2125.60,2160.00,2159.411345047346285832,155028,9307,334769222.00,32653,21.06,57.15,3.00
5-April-2022,2071.00,2198.00,2067.85,2141.85,2137.625251491705085018,260943,12559,557798346.00,20296,7.78,130.15,70.85
4-April-2022,2058.00,2076.00,2032.15,2065.60,2060.682492560168732483,138444,7150,285289127.00,30489,22.02,43.85,7.60
1-April-2022,2016.00,2048.70,2014.00,2044.25,2032.269231565651336632,96586,5202,196288756.00,22837,23.64,34.70,28.25
31-March-2022,2014.90,2042.20,1990.00,2015.70,2011.647336218474854499,100515,5413,202200732.00,13254,13.19,52.20,0.80
30-March-2022,1930.00,2014.20,1918.00,1993.95,1953.204074350876347067,207395,7425,405084759.00,24839,11.98,96.20,63.95
29-March-2022,1923.80,1930.00,1886.05,1915.85,1912.296729934112009583,106848,4149,204325081.00,20723,19.39,43.95,-7.95
28-March-2022,1875.00,1924.00,1850.60,1908.55,1874.425005923285529526,1325278,7585,2484134223.00,1219079,91.99,73.40,33.55
25-March-2022,1851.65,1899.00,1822.20,1869.60,1868.587245860889045741,325855,2531,608888497.00,280052,85.94,76.80,17.95
24-March-2022,1812.00,1838.85,1800.00,1832.65,1821.938478495591146301,44456,2506,80996097.00,14611,32.87,38.85,20.65
23-March-2022,1844.50,1849.70,1801.35,1812.10,1820.554050947693979478,47853,2343,87118973.00,9497,19.85,48.35,-32.40
22-March-2022,1792.00,1836.75,1790.55,1831.35,1814.876292182827851345,58525,3550,106215635.00,16538,28.26,46.20,39.35
21-March-2022,1842.00,1842.00,1797.00,1803.00,1812.920095630229778190,37645,2159,68247377.00,7416,19.70,45.00,-39.00
17-March-2022,1771.00,1823.00,1759.30,1818.55,1792.932130434092028145,62959,3515,112881214.00,12386,19.67,63.70,47.55
16-March-2022,1718.10,1763.80,1718.10,1757.45,1749.500500586401212849,69918,4560,122321576.00,26476,37.87,45.70,39.35
15-March-2022,1730.20,1753.40,1688.70,1702.45,1715.719890684410646387,42080,2477,72197493.00,4319,10.26,64.70,-27.75
14-March-2022,1735.95,1752.00,1722.65,1735.95,1734.665924352473619295,29188,1758,50631429.00,3956,13.55,29.35,0.00
11-March-2022,1749.95,1756.55,1722.00,1733.60,1738.231364695461285166,51931,3179,90268093.00,5844,11.25,34.55,-16.35
10-March-2022,1689.00,1749.95,1679.75,1742.45,1717.882707017814056163,77916,5155,133850549.00,12121,15.56,70.20,53.45
9-March-2022,1605.10,1669.00,1605.10,1656.45,1634.882707292901420493,51461,4235,84132699.00,4798,9.32,63.90,51.35
8-March-2022,1571.50,1606.70,1553.40,1600.75,1584.728346122504413961,117808,7554,186693677.00,22024,18.69,53.30,29.25
7-March-2022,1577.00,1591.40,1539.80,1564.75,1564.308730404805322430,190289,12956,297670744.00,34141,17.94,51.60,-12.25
4-March-2022,1625.00,1654.40,1601.30,1615.90,1626.037803927045869851,85917,4897,139704290.00,15952,18.57,53.10,-9.10
3-March-2022,1665.00,1677.85,1635.60,1644.35,1659.267396356846308178,100682,3796,167058360.00,60192,59.78,42.25,-20.65
2-March-2022,1644.00,1663.95,1620.00,1640.85,1646.784227013082734475,43416,2523,71496784.00,4789,11.03,43.95,-3.15
28-February-2022,1609.95,1650.60,1594.50,1643.25,1622.310581848430454008,68523,4887,111165588.00,7057,10.30,56.10,33.30
25-February-2022,1600.00,1638.30,1585.30,1618.00,1618.124210976783994864,93470,7910,151246070.00,13509,14.45,53.00,18.00
24-February-2022,1645.55,1647.70,1529.55,1547.05,1598.541953324827699877,163813,11792,261861953.00,19709,12.03,118.15,-98.50
23-February-2022,1672.55,1716.35,1672.55,1687.65,1695.619820918048964546,68907,3797,116840075.00,12304,17.86,43.80,15.10
22-February-2022,1648.90,1678.50,1630.55,1668.30,1655.606522397511081743,72642,4836,120266569.00,7992,11.00,47.95,19.40
21-February-2022,1735.70,1736.15,1674.70,1684.35,1701.629385426309723980,52931,3987,90068945.00,5357,10.12,61.45,-51.35
18-February-2022,1736.00,1754.00,1725.90,1735.70,1742.748156664750431152,40009,2750,69725611.00,4092,10.23,28.10,-0.30
17-February-2022,1754.80,1762.00,1724.05,1730.55,1749.063278286524387907,52198,3332,91297605.00,6612,12.67,37.95,-24.25
16-February-2022,1750.00,1776.05,1729.05,1737.95,1754.607275060460984156,81044,4878,142200392.00,9296,11.47,47.00,-12.05
15-February-2022,1641.00,1751.40,1628.25,1743.45,1683.113012214915258621,154647,9609,260288378.00,16662,10.77,123.15,102.45
14-February-2022,1732.00,1739.40,1654.05,1663.50,1703.013912137464557783,117092,8826,199409305.00,19633,16.77,85.35,-68.50
11-February-2022,1770.00,1775.10,1743.70,1763.05,1760.887049487490356001,45365,3255,79882641.00,5081,11.20,31.40,-6.95
10-February-2022,1792.00,1808.85,1765.10,1784.05,1788.167960304419268355,92504,6712,165412689.00,22323,24.13,43.75,-7.95
9-February-2022,1718.00,1791.00,1718.00,1783.50,1762.080032093069902717,69797,5441,122987900.00,13202,18.91,73.00,65.50
8-February-2022,1741.00,1746.00,1678.20,1714.25,1715.715640996866448555,115843,7036,198753647.00,11905,10.28,67.80,-26.75
7-February-2022,1762.00,1764.90,1722.25,1731.75,1747.422063573006969233,47064,3812,82240672.00,6255,13.29,42.65,-30.25
4-February-2022,1764.00,1770.45,1734.00,1756.65,1755.537973158981417756,58120,4773,102031867.00,11698,20.13,36.45,-7.35
3-February-2022,1780.00,1786.55,1746.60,1753.25,1770.106143947728106143,29997,2252,53097874.00,3570,11.90,39.95,-26.75
2-February-2022,1752.00,1785.75,1747.00,1774.85,1771.621606128511126166,287835,5814,509934705.00,186433,64.77,38.75,22.85
1-February-2022,1734.90,1764.95,1699.30,1747.65,1731.697667467307179076,93675,7403,162216779.00,19706,21.04,65.65,12.75
31-January-2022,1713.00,1733.65,1705.65,1715.65,1720.316380242759283739,83210,4934,143147526.00,11590,13.93,28.00,2.65
28-January-2022,1691.00,1743.20,1685.55,1694.70,1717.732610397152018582,79214,4969,136068471.00,8752,11.05,57.65,3.70
27-January-2022,1732.00,1732.00,1655.25,1684.75,1697.023477583342725673,204067,10315,346306490.00,75038,36.77,76.75,-47.25
25-January-2022,1682.00,1750.00,1676.65,1740.25,1724.636690906472748218,111112,8512,191627832.00,15937,14.34,73.35,58.25
24-January-2022,1812.00,1827.00,1697.85,1715.90,1753.804958062995158816,150583,13523,264093212.00,32265,21.43,129.15,-96.10
21-January-2022,1877.00,1877.00,1811.00,1828.65,1844.920250275662230427,77994,5623,143892710.00,8928,11.45,66.00,-48.35
20-January-2022,1864.00,1879.80,1844.90,1865.45,1859.286058589219986890,99165,3146,184376102.00,8160,8.23,34.90,1.45
19-January-2022,1842.00,1856.55,1811.80,1849.20,1833.936529076966297980,96107,6037,176254138.00,17232,17.93,44.75,7.20
18-January-2022,1883.70,1908.55,1830.65,1841.85,1878.848743987172634954,101034,6254,189827604.00,13831,13.69,77.90,-41.85
17-January-2022,1885.00,1900.90,1856.25,1877.20,1877.657196607000033794,177542,7481,333363014.00,26131,14.72,44.65,-7.80
14-January-2022,1855.00,1890.00,1830.70,1871.80,1865.826312820099501029,136481,8988,254649841.00,33915,24.85,59.30,16.80
13-January-2022,1839.00,1861.95,1808.95,1853.95,1840.805724992018282334,119022,5550,219096379.00,28783,24.18,53.00,14.95
12-January-2022,1883.00,1883.00,1809.35,1829.90,1837.880630045226018699,134657,7772,247483492.00,26852,19.94,73.65,-53.10
11-January-2022,1760.00,1850.00,1736.50,1843.85,1796.959038185242455012,237343,11775,426495649.00,39390,16.60,113.50,83.85
10-January-2022,1700.20,1766.65,1699.90,1751.50,1728.454973946509264664,92502,5801,159885542.00,38866,42.02,66.75,51.30
7-January-2022,1725.00,1730.00,1689.65,1700.20,1710.664389879097594416,40115,2785,68623302.00,6302,15.71,40.35,-24.80
6-January-2022,1707.00,1723.00,1676.85,1712.35,1692.905441627993870113,184669,6547,312627155.00,115243,62.41,46.15,5.35
5-January-2022,1725.00,1744.30,1704.00,1722.50,1722.543163789080727951,81434,3871,140273580.00,32167,39.50,40.30,-2.50
4-January-2022,1722.05,1727.95,1699.75,1718.65,1715.203614457831325301,34860,2242,59791998.00,7111,20.40,28.20,-3.40
3-January-2022,1710.00,1733.10,1710.00,1716.60,1720.400253998764330335,29134,2006,50122141.00,5705,19.58,23.10,6.60
